name,category,expectedMin,expectedMax,matchedName,clubName,positionGroup,smwEquivalentRating,tbgRating,tbgV2Adjustment,verdict,reasons
Kylian Mbappe,ballon_dor_contender,96,98,,,ATT,,,,missing,
Erling Haaland,ballon_dor_contender,96,98,Erling Haaland,Manchester City,ATT,96,97,1.05,ok,+0.45: historic world-superstar prestige | +0.1: established international experience | +0.15: major lifetime transfer-fee signal | +0.35: world-superstar current market signal
Vinicius Junior,ballon_dor_contender,95,97,,,ATT,,,,missing,
Rodri,ballon_dor_contender,95,97,Hernández Rodri,Manchester City,DEF,95,96,0.85,ok,"+0.3: historic elite-market prestige | +0.2: major international experience | +0.15: major lifetime transfer-fee signal | +0.25: form is temporary, class is permanent safeguard | -0.05: diminishing-returns prestige taper"
Jude Bellingham,ballon_dor_contender,95,97,,,MID,,,,missing,
Lamine Yamal,ballon_dor_contender,93,96,,,ATT,,,,missing,
Florian Wirtz,ballon_dor_contender,93,95,Florian Wirtz,Liverpool FC,MID,93,94,0.9,ok,+0.3: historic elite-market prestige | +0.1: established international experience | +0.15: major lifetime transfer-fee signal | +0.2: elite current market signal | +0.15: early-prime high-ceiling trajectory
Bukayo Saka,ballon_dor_contender,93,95,Bukayo Saka,Arsenal FC,ATT,94,95,0.9,ok,+0.45: historic world-superstar prestige | +0.1: established international experience | +0.2: elite current market signal | +0.15: early-prime high-ceiling trajectory
Jamal Musiala,ballon_dor_contender,93,95,,,MID,,,,missing,
Phil Foden,ballon_dor_contender,93,95,Phil Foden,Manchester City,MID,94,94,0.45,ok,+0.45: historic world-superstar prestige
Lionel Messi,elite_veteran,94,96,Lionel Messi,Inter Miami CF,ATT,96,96,-0.5,ok,"-0.45: late-career non-elite-league current-ability caution | -0.15: large fall from peak current-ability caution | -0.15: attacker output/value reality check | +0.45: historic world-superstar prestige | +0.3: centurion international prestige | +0.25: form is temporary, class is permanent safeguard | +0.15: late-career elite class inertia | -0.9: diminishing-returns prestige taper"
Cristiano Ronaldo,elite_veteran,92,95,Cristiano Ronaldo dos Santos Aveiro,Al-Nassr FC,ATT,95,95,-0.5,ok,"-0.45: late-career non-elite-league current-ability caution | -0.15: large fall from peak current-ability caution | -0.15: attacker output/value reality check | +0.3: historic elite-market prestige | +0.3: centurion international prestige | +0.25: elite lifetime transfer-fee signal | +0.25: form is temporary, class is permanent safeguard | +0.15: late-career elite class inertia | -1: diminishing-returns prestige taper"
Robert Lewandowski,elite_veteran,92,95,,,ATT,,,,missing,
Mohamed Salah,elite_veteran,94,96,Mohamed Salah,Without Club,ATT,94,95,0.3,ok,"-0.15: large fall from peak current-ability caution | +0.45: historic world-superstar prestige | +0.3: centurion international prestige | +0.15: major lifetime transfer-fee signal | +0.25: form is temporary, class is permanent safeguard | +0.15: late-career elite class inertia | -0.85: diminishing-returns prestige taper"
Harry Kane,elite_veteran,94,96,,,ATT,,,,missing,
Kevin De Bruyne,elite_veteran,93,96,,,MID,,,,missing,
Toni Kroos,elite_veteran,92,95,,,MID,,,,missing,
Luka Modric,elite_veteran,90,93,,,MID,,,,missing,
Virgil van Dijk,elite_veteran,94,96,Virgil van Dijk,Liverpool FC,DEF,93,93,0.45,low,"-0.15: large fall from peak current-ability caution | +0.3: historic elite-market prestige | +0.2: major international experience | +0.15: major lifetime transfer-fee signal | +0.25: form is temporary, class is permanent safeguard | +0.15: late-career elite class inertia | -0.45: diminishing-returns prestige taper"
Manuel Neuer,elite_veteran,90,94,,,GK,,,,missing,
Thibaut Courtois,champions_league_star,93,95,,,GK,,,,missing,
Alisson,champions_league_star,93,95,Becker Alisson,Liverpool FC,GK,93,93,0.55,ok,"-0.15: large fall from peak current-ability caution | +0.1: goalkeeper longevity stability | +0.18: historic high-level market prestige | +0.2: major international experience | +0.15: major lifetime transfer-fee signal | +0.25: form is temporary, class is permanent safeguard | -0.18: diminishing-returns prestige taper"
Gianluigi Donnarumma,champions_league_star,91,94,Gianluigi Donnarumma,Manchester City,GK,92,92,0.3,ok,+0.1: goalkeeper longevity stability | +0.2: major international experience
William Saliba,champions_league_star,93,95,William Saliba,Arsenal FC,DEF,93,93,0.6,ok,+0.3: historic elite-market prestige | +0.1: established international experience | +0.2: elite current market signal
Ruben Dias,champions_league_star,93,95,,,DEF,,,,missing,
Achraf Hakimi,champions_league_star,92,94,,,DEF,,,,missing,
Federico Valverde,champions_league_star,93,95,,,MID,,,,missing,
Declan Rice,champions_league_star,92,94,Declan Rice,Arsenal FC,MID,95,95,0.85,high,+0.3: historic elite-market prestige | +0.2: major international experience | +0.15: major lifetime transfer-fee signal | +0.2: elite current market signal
Martin Odegaard,champions_league_star,92,94,Martin Odegaard,Arsenal FC,MID,93,94,0.5,ok,+0.3: historic elite-market prestige | +0.2: major international experience
Pedri,champions_league_star,92,94,,,MID,,,,missing,
Rafael Leao,champions_league_star,91,94,,,ATT,,,,missing,
Lautaro Martinez,champions_league_star,92,95,,,ATT,,,,missing,
Victor Osimhen,champions_league_star,91,94,,,ATT,,,,missing,
Khvicha Kvaratskhelia,champions_league_star,92,95,,,ATT,,,,missing,
Ousmane Dembele,champions_league_star,91,94,,,ATT,,,,missing,
Bruno Fernandes,europa_league_star,92,94,Bruno Fernandes,Manchester United,MID,93,94,0.78,ok,"+0.18: historic high-level market prestige | +0.2: major international experience | +0.15: major lifetime transfer-fee signal | +0.25: form is temporary, class is permanent safeguard"
Casemiro,europa_league_star,90,92,Carlos Casemiro,Without Club,DEF,91,92,0.63,ok,"-0.15: large fall from peak current-ability caution | +0.18: historic high-level market prestige | +0.2: major international experience | +0.15: major lifetime transfer-fee signal | +0.25: form is temporary, class is permanent safeguard"
Mason Mount,europa_league_star,89,92,Mason Mount,Manchester United,MID,90,91,0.18,ok,+0.18: historic high-level market prestige
Paulo Dybala,europa_league_star,90,93,,,ATT,,,,missing,
Romelu Lukaku,europa_league_star,89,92,,,ATT,,,,missing,
Granit Xhaka,europa_league_star,90,92,Granit Xhaka,Sunderland AFC,DEF,91,91,0.55,ok,"-0.15: large fall from peak current-ability caution | +0.3: centurion international prestige | +0.15: major lifetime transfer-fee signal | +0.25: form is temporary, class is permanent safeguard"
Alejandro Grimaldo,europa_league_star,90,93,,,DEF,,,,missing,
Nico Williams,europa_league_star,90,93,,,ATT,,,,missing,
Dominik Szoboszlai,europa_league_star,90,93,Dominik Szoboszlai,Liverpool FC,MID,93,94,0.85,high,+0.3: historic elite-market prestige | +0.2: major international experience | +0.15: major lifetime transfer-fee signal | +0.2: elite current market signal
Jeremie Frimpong,europa_league_star,90,93,Jeremie Frimpong,Liverpool FC,DEF,89,89,0,low,
Morgan Gibbs-White,mid_table_premier_league,88,91,Morgan Gibbs-White,Nottingham Forest,MID,91,91,0.18,ok,+0.18: historic high-level market prestige
Jarrod Bowen,mid_table_premier_league,89,91,,,ATT,,,,missing,
Eberechi Eze,mid_table_premier_league,89,92,Eberechi Eze,Arsenal FC,MID,92,92,0.15,ok,+0.15: major lifetime transfer-fee signal
Marc Guehi,mid_table_premier_league,88,91,,,DEF,,,,missing,
Joao Pedro,mid_table_premier_league,88,91,,,ATT,,,,missing,
Kaoru Mitoma,mid_table_premier_league,89,91,Kaoru Mitoma,Brighton & Hove Albion,ATT,90,90,0,ok,
Antoine Semenyo,mid_table_premier_league,87,90,Antoine Semenyo,Manchester City,ATT,92,92,0.43,high,+0.18: historic high-level market prestige | +0.1: established international experience | +0.15: major lifetime transfer-fee signal
Milos Kerkez,mid_table_premier_league,87,90,Milos Kerkez,Liverpool FC,DEF,89,89,0.1,ok,+0.1: established international experience
Jean-Ricner Bellegarde,mid_table_premier_league,86,88,,,MID,,,,missing,
Murillo,mid_table_premier_league,87,90,Murillo Santiago Costa dos Santos,Nottingham Forest,DEF,90,90,0,ok,
Dominic Solanke,mid_table_premier_league,88,91,Dominic Solanke,Tottenham Hotspur,ATT,90,90,0.15,ok,+0.15: major lifetime transfer-fee signal
James Maddison,mid_table_premier_league,89,92,James Maddison,Tottenham Hotspur,MID,90,90,0.18,ok,+0.18: historic high-level market prestige
Serhou Guirassy,big_five_regular,89,92,,,ATT,,,,missing,
Jonathan Tah,big_five_regular,90,92,,,DEF,,,,missing,
Benjamin Sesko,big_five_regular,88,91,Benjamin Sesko,Manchester United,ATT,90,91,0.48,ok,+0.18: historic high-level market prestige | +0.15: major lifetime transfer-fee signal | +0.15: early-prime high-ceiling trajectory
Xavi Simons,big_five_regular,90,93,Xavi Simons,Tottenham Hotspur,MID,90,91,0.33,ok,+0.18: historic high-level market prestige | +0.15: major lifetime transfer-fee signal
Lois Openda,big_five_regular,89,92,,,ATT,,,,missing,
Mike Maignan,big_five_regular,91,94,,,GK,,,,missing,
Alessandro Bastoni,big_five_regular,92,94,,,DEF,,,,missing,
Nicolo Barella,big_five_regular,91,94,,,MID,,,,missing,
Federico Chiesa,big_five_regular,88,91,Federico Chiesa,Liverpool FC,ATT,89,89,0.18,ok,+0.18: historic high-level market prestige
Dusan Vlahovic,big_five_regular,90,92,,,ATT,,,,missing,
Antoine Griezmann,big_five_regular,91,94,,,ATT,,,,missing,
Mikel Oyarzabal,big_five_regular,89,91,,,ATT,,,,missing,
Takefusa Kubo,big_five_regular,88,91,,,ATT,,,,missing,
Aurelien Tchouameni,big_five_regular,91,94,,,MID,,,,missing,
Eduardo Camavinga,big_five_regular,90,93,,,MID,,,,missing,
Warren Zaire-Emery,big_five_regular,89,92,,,MID,,,,missing,
Sergio Busquets,mls_saudi_star,88,91,,,MID,,,,missing,
Luis Suarez,mls_saudi_star,88,91,,,ATT,,,,missing,
Jordi Alba,mls_saudi_star,87,90,,,DEF,,,,missing,
Karim Benzema,mls_saudi_star,90,93,,,ATT,,,,missing,
Neymar,mls_saudi_star,90,94,,,ATT,,,,missing,
Sadio Mane,mls_saudi_star,89,92,,,ATT,,,,missing,
Riyad Mahrez,mls_saudi_star,89,92,,,ATT,,,,missing,
Aleksandar Mitrovic,mls_saudi_star,88,91,,,ATT,,,,missing,
Illan Meslier,championship_level,85,88,Illan Meslier,Without Club,GK,87,87,0.1,ok,+0.1: goalkeeper longevity stability
Crysencio Summerville,championship_level,86,89,,,ATT,,,,missing,
Kiernan Dewsbury-Hall,championship_level,86,89,Kiernan Dewsbury-Hall,Everton FC,MID,90,90,0,high,
Callum O'Hare,championship_level,84,87,,,MID,,,,missing,
Viktor Gyokeres,championship_level,91,94,,,ATT,,,,missing,
Gustavo Hamer,championship_level,84,87,,,MID,,,,missing,
Leny Yoro,wonderkid,89,92,Leny Yoro,Manchester United,DEF,89,90,0.45,ok,+0.45: teenage elite-trajectory adjustment
Jorrel Hato,wonderkid,88,91,Jorrel Hato,Chelsea FC,DEF,88,89,0.45,ok,+0.45: teenage elite-trajectory adjustment
Endrick,wonderkid,88,91,,,ATT,,,,missing,
Pau Cubarsi,wonderkid,88,91,,,DEF,,,,missing,
Kobbie Mainoo,wonderkid,88,91,Kobbie Mainoo,Manchester United,MID,89,90,0.48,ok,+0.18: historic high-level market prestige | +0.3: young elite-trajectory adjustment
Arda Guler,wonderkid,88,91,,,MID,,,,missing,
Ethan Nwaneri,wonderkid,84,88,Ethan Nwaneri,Arsenal FC,MID,88,89,0.45,high,+0.45: teenage elite-trajectory adjustment
Franco Mastantuono,wonderkid,84,88,,,MID,,,,missing,
Emiliano Martinez,veteran_goalkeeper,90,93,,,GK,,,,missing,
Yann Sommer,veteran_goalkeeper,89,92,,,GK,,,,missing,
Jan Oblak,veteran_goalkeeper,91,94,,,GK,,,,missing,
Marc-Andre ter Stegen,veteran_goalkeeper,91,94,,,GK,,,,missing,
Ederson,veteran_goalkeeper,92,94,,,GK,,,,missing,
